{"[TRAIN] Replay buffer":50000,"[TRAIN] Episode Reward":0.9873367317984731,"_wandb":{"runtime":2949},"_runtime":2949,"_step":4999,"[TRAIN] Epsilon":0.09999999999999998,"Training Episode":5000,"[TRAIN] Loss":2.7645302907330915e-05,"_timestamp":1.7556270844750226e+09}